ID,SNP1,SNP2,SNP3,SNP4,SNP5,SNP6,SNP7,SNP8,SNP9,SNP10
ID1,0,0,0,0,1,0,0,1,0,0
ID2,0,0,0,0,0,0,0,0,0,0
ID3,0,0,0,0,0,0,0,0,0,0
ID4,0,2,0,2,2,2,0,0,2,2
ID5,0,0,0,0,0,0,2,2,0,0
ID6,0,0,0,0,0,0,0,0,0,0
ID7,0,0,0,0,0,0,0,0,0,0
ID8,0,0,0,0,0,0,0,0,0,0
ID9,0,0,0,0,0,0,0,0,0,0
ID10,0,0,0,0,1,0,1,2,0,0
ID11,2,0,0,0,0,0,0,0,0,0
ID12,0,2,0,2,2,2,0,0,2,2
ID13,0,0,0,0,1,0,2,2,0,0
ID14,2,0,0,0,0,0,0,0,0,0
ID15,0,0,2,0,2,0,1,1,0,0
ID16,0,0,0,0,1,0,0,1,0,0
ID17,0,0,0,0,0,0,0,0,0,0
ID18,0,0,0,0,0,0,0,0,0,0
ID19,0,2,0,2,2,2,0,0,2,2
ID20,0,0,0,0,0,0,2,2,0,0
ID21,0,0,0,0,0,0,0,0,0,0
ID22,0,0,0,0,0,0,0,0,0,0
ID23,0,0,0,0,0,0,0,0,0,0
ID24,0,0,0,0,0,0,0,0,0,0
ID25,0,0,0,0,1,0,1,2,0,0
ID26,2,0,0,0,0,0,0,0,0,0
ID27,0,2,0,2,2,2,0,0,2,2
ID28,0,0,0,0,1,0,2,2,0,0
ID29,2,0,0,0,0,0,0,0,0,0
ID30,0,0,2,0,2,0,1,1,0,0
